{
  "project_info": {
    "project_number": "846649578056",
    "project_id": "jetareader",
    "storage_bucket": "jetareader.appspot.com"
  },
  "client": [
    {
      "client_info": {
        "mobilesdk_app_id": "1:your_own_id",
        "android_client_info": {
          "package_name": "com.bawp.freader"
        }
      },
      "oauth_client": [
        {
          "client_id": "your_own_id.apps.googleusercontent.com",
          "client_type": 3
        }
      ],
      "api_key": [
        {
          "current_key": "your_own_id"
        }
      ],
      "services": {
        "appinvite_service": {
          "other_platform_oauth_client": [
            {
              "client_id": "your_own_id.apps.googleusercontent.com",
              "client_type": 3
            }
          ]
        }
      }
    }
  ],
  "configuration_version": "1"
}
